user_id,product_id,interaction_type,timestamp,interaction_value
user_227,product_77,View,2022-05-03,1
user_1211,product_174,Click,2023-09-30,3
user_774,product_680,Add-to-Cart,2023-03-07,1
user_1271,product_1240,Add-to-Cart,2024-01-05,1
user_1128,product_1299,View,2024-08-12,1
user_11,product_976,View,2023-10-17,1
user_860,product_181,Purchase,2024-07-16,5
user_1216,product_615,Click,2024-04-24,1
user_1217,product_1406,Click,2023-06-09,1
user_157,product_1352,Click,2023-09-20,1
user_103,product_985,View,2022-10-05,1
user_307,product_209,Purchase,2023-05-10,5
user_1307,product_1143,Add-to-Cart,2024-08-31,1
user_655,product_1346,Purchase,2023-12-26,5
user_1358,product_1034,Add-to-Cart,2024-12-12,1
user_1381,product_279,Purchase,2023-11-20,5
user_500,product_1050,Purchase,2022-05-12,5
user_203,product_28,View,2022-04-14,1
user_125,product_424,Add-to-Cart,2023-05-21,1
user_91,product_967,Click,2023-01-17,3
user_238,product_180,View,2023-09-22,1
user_544,product_1204,Add-to-Cart,2022-11-15,1
user_727,product_1302,Add-to-Cart,2022-12-13,1
user_468,product_596,Purchase,2023-04-28,3
user_237,product_1238,View,2022-04-02,1
user_928,product_1029,Add-to-Cart,2022-09-11,1
user_668,product_954,Add-to-Cart,2023-12-18,1
user_710,product_1431,Add-to-Cart,2024-08-01,1
user_248,product_1072,Purchase,2024-09-08,1
user_699,product_425,View,2024-05-07,1
user_1096,product_431,View,2022-07-21,1
user_764,product_1449,Click,2022-10-11,3
user_522,product_1319,Purchase,2023-09-22,5
user_813,product_1120,View,2023-04-16,1
user_215,product_162,Add-to-Cart,2024-08-02,1
user_725,product_452,View,2022-11-06,1
user_1034,product_336,Purchase,2022-09-23,3
user_969,product_651,Add-to-Cart,2022-07-29,1
user_543,product_292,Click,2024-07-23,3
user_1385,product_695,View,2022-02-13,1
user_1393,product_1109,Purchase,2024-04-11,3
user_127,product_1122,Click,2023-08-31,3
user_628,product_360,Add-to-Cart,2023-11-15,1
user_157,product_1395,Purchase,2023-09-23,1
user_335,product_1458,Purchase,2023-08-29,5
user_1421,product_566,Click,2023-11-25,3
user_273,product_1431,Add-to-Cart,2023-04-02,1
user_679,product_342,Purchase,2023-12-19,1
user_452,product_1458,Add-to-Cart,2024-04-17,1
user_1062,product_89,Add-to-Cart,2024-06-25,1
user_1063,product_78,View,2023-10-03,1
user_976,product_209,Click,2022-09-03,1
user_1422,product_486,View,2022-11-03,1
user_831,product_177,View,2024-01-09,1
user_1226,product_317,Add-to-Cart,2024-11-27,1
user_882,product_432,Purchase,2023-10-14,5
user_609,product_1179,View,2023-07-20,1
user_369,product_857,View,2023-08-25,1
user_1414,product_964,Add-to-Cart,2022-12-21,1
user_1093,product_497,View,2023-03-27,1
user_1416,product_368,Add-to-Cart,2024-04-26,1
user_22,product_1491,Click,2022-09-19,5
user_689,product_532,Click,2024-07-13,3
user_788,product_47,Purchase,2022-12-08,1
user_168,product_740,View,2023-10-14,1
user_1076,product_638,Click,2023-11-02,1
user_416,product_170,View,2024-02-11,1
user_109,product_1479,View,2022-05-11,1
user_689,product_1441,View,2023-01-24,1
user_391,product_314,Add-to-Cart,2022-08-28,1
user_375,product_58,Add-to-Cart,2024-08-27,1
user_421,product_1493,View,2022-04-03,1
user_1276,product_539,Purchase,2022-06-25,3
user_1259,product_1203,Add-to-Cart,2023-11-04,1
user_947,product_627,Add-to-Cart,2024-11-16,1
user_1496,product_95,Purchase,2024-08-07,1
user_726,product_310,Click,2024-05-26,1
user_1028,product_897,Click,2022-03-16,3
user_1020,product_378,View,2024-07-21,1
user_295,product_1475,Purchase,2023-06-26,5
user_1359,product_146,View,2024-10-29,1
user_1089,product_709,View,2022-02-04,1
user_1089,product_507,View,2022-10-31,1
user_1102,product_290,View,2023-08-27,1
user_714,product_518,View,2024-09-23,1
user_101,product_1372,Click,2022-06-24,1
user_773,product_1136,Click,2022-03-15,3
user_1280,product_901,Click,2024-07-21,5
user_903,product_1266,Purchase,2023-12-01,3
user_101,product_729,Purchase,2023-04-08,5
user_355,product_1453,Add-to-Cart,2024-05-05,1
user_679,product_1328,Click,2024-02-24,3
user_822,product_1454,View,2022-01-07,1
user_696,product_76,View,2022-02-12,1
user_325,product_1171,View,2024-01-27,1
user_682,product_993,Click,2022-06-22,3
user_130,product_383,Click,2022-07-27,1
user_700,product_981,Purchase,2022-05-11,5
user_991,product_978,Purchase,2023-03-07,5
user_1366,product_467,View,2022-12-18,1
user_1474,product_78,Purchase,2023-10-07,1
user_182,product_433,View,2024-01-03,1
user_1057,product_330,Add-to-Cart,2022-04-24,1
user_1097,product_371,Add-to-Cart,2022-04-04,1
user_37,product_507,Click,2022-10-11,3
user_236,product_894,Click,2023-04-02,3
user_523,product_512,Purchase,2023-03-08,1
user_986,product_1216,Click,2023-04-07,3
user_255,product_287,Click,2024-08-15,1
user_336,product_791,Add-to-Cart,2022-03-28,1
user_1023,product_291,Purchase,2023-06-09,1
user_1323,product_368,View,2022-04-26,1
user_419,product_332,Click,2024-10-23,5
user_91,product_387,View,2024-12-09,1
user_611,product_655,Purchase,2024-09-06,1
user_228,product_221,View,2024-03-08,1
user_525,product_985,View,2022-11-19,1
user_781,product_1324,Click,2022-12-25,1
user_1365,product_1121,View,2023-09-24,1
user_935,product_928,Purchase,2022-10-20,1
user_480,product_710,Add-to-Cart,2024-11-22,1
user_906,product_1260,Click,2022-06-06,1
user_1199,product_643,Add-to-Cart,2022-12-13,1
user_1246,product_1434,Add-to-Cart,2024-04-11,1
user_557,product_49,Add-to-Cart,2022-09-13,1
user_654,product_382,Click,2023-12-30,1
user_624,product_755,Click,2023-10-18,1
user_147,product_297,Purchase,2022-06-20,1
user_719,product_461,Purchase,2022-04-02,3
user_1032,product_1094,Purchase,2022-04-09,5
user_685,product_41,Add-to-Cart,2024-06-24,1
user_1069,product_733,View,2024-02-02,1
user_1289,product_763,Click,2022-08-21,1
user_876,product_1470,View,2023-08-01,1
user_649,product_492,Click,2022-12-18,1
user_1181,product_1223,Click,2024-06-26,3
user_549,product_278,Purchase,2024-04-12,3
user_373,product_1385,View,2024-03-02,1
user_1389,product_52,Purchase,2023-03-24,1
user_1248,product_535,Purchase,2024-10-14,5
user_218,product_1253,Purchase,2024-06-21,1
user_258,product_1208,Add-to-Cart,2023-06-04,1
user_42,product_222,Add-to-Cart,2022-02-16,1
user_322,product_1310,Purchase,2022-08-14,3
user_1075,product_806,Add-to-Cart,2023-03-11,1
user_405,product_1436,View,2022-05-14,1
user_692,product_536,Add-to-Cart,2024-02-07,1
user_1030,product_495,Click,2023-10-30,1
user_1128,product_589,Add-to-Cart,2023-12-26,1
user_540,product_152,Add-to-Cart,2024-06-30,1
user_881,product_76,Purchase,2022-05-12,1
user_1124,product_81,View,2023-09-05,1
user_1087,product_1077,Click,2023-06-24,1
user_1034,product_150,Click,2023-03-31,3
user_790,product_528,Add-to-Cart,2023-09-13,1
user_725,product_593,Add-to-Cart,2023-08-25,1
user_889,product_894,View,2024-05-09,1
user_763,product_1133,View,2023-05-22,1
user_343,product_1135,Add-to-Cart,2022-12-02,1
user_176,product_1376,Click,2023-02-19,1
user_1013,product_1129,Add-to-Cart,2024-03-22,1
user_790,product_977,Click,2024-03-06,5
user_802,product_305,View,2023-08-05,1
user_1070,product_814,Add-to-Cart,2024-08-12,1
user_994,product_780,View,2024-05-19,1
user_1098,product_1022,Purchase,2024-07-28,5
user_496,product_106,View,2023-04-28,1
user_357,product_176,Add-to-Cart,2024-07-17,1
user_608,product_813,Purchase,2022-03-22,5
user_618,product_553,Click,2023-06-19,3
user_1437,product_654,Purchase,2024-01-18,3
user_1170,product_30,Click,2023-12-19,3
user_1387,product_743,View,2022-03-08,1
user_38,product_185,Add-to-Cart,2024-05-23,1
user_218,product_1104,Click,2022-03-31,1
user_31,product_175,View,2023-05-15,1
user_339,product_1250,Click,2023-04-19,1
user_668,product_593,Purchase,2022-08-04,5
user_487,product_226,Purchase,2024-01-27,3
user_710,product_830,Click,2023-06-07,3
user_650,product_1291,Click,2023-08-16,1
user_645,product_1490,Add-to-Cart,2024-03-17,1
user_146,product_1084,Purchase,2024-03-04,3
user_1323,product_676,Add-to-Cart,2022-02-17,1
user_1477,product_960,Click,2024-11-03,5
user_1260,product_614,Purchase,2022-12-22,5
user_1270,product_1483,View,2024-01-06,1
user_66,product_1447,Add-to-Cart,2024-05-08,1
user_672,product_623,View,2024-06-24,1
user_1016,product_815,View,2024-02-13,1
user_551,product_1383,Click,2023-05-29,3
user_711,product_114,View,2024-04-10,1
user_431,product_686,Add-to-Cart,2024-10-17,1
user_1168,product_121,Purchase,2024-07-22,3
user_76,product_66,View,2023-09-18,1
user_1376,product_1381,View,2022-02-18,1
user_1002,product_375,Purchase,2023-11-14,1
user_1033,product_69,View,2023-08-09,1
user_383,product_29,Purchase,2023-10-30,3
user_1469,product_647,View,2024-10-16,1
user_535,product_891,Add-to-Cart,2022-03-23,1
user_1266,product_105,View,2024-03-01,1
user_1115,product_1389,Click,2024-11-24,5
user_760,product_716,Purchase,2023-08-11,5
user_600,product_1258,Add-to-Cart,2024-01-10,1
user_1054,product_1379,View,2024-10-01,1
user_246,product_930,Add-to-Cart,2022-07-16,1
user_1381,product_1185,Click,2022-07-16,3
user_370,product_1462,View,2022-03-08,1
user_184,product_1414,Add-to-Cart,2022-03-24,1
user_1074,product_1345,Click,2024-09-26,1
user_106,product_1179,Purchase,2023-11-21,3
user_718,product_111,Click,2022-03-17,3
user_78,product_967,View,2024-06-27,1
user_1069,product_1094,View,2024-04-01,1
user_1206,product_52,View,2023-08-20,1
user_197,product_571,View,2023-01-28,1
user_164,product_328,Purchase,2022-05-22,3
user_1331,product_617,Purchase,2024-10-26,3
user_925,product_1174,Click,2023-01-02,1
user_876,product_1358,Click,2024-10-18,1
user_507,product_1154,Add-to-Cart,2022-10-04,1
user_401,product_197,Purchase,2023-08-24,3
user_664,product_488,Click,2024-05-10,5
user_830,product_824,View,2023-02-23,1
user_1015,product_1358,View,2023-03-14,1
user_1488,product_1278,Purchase,2022-04-29,5
user_1202,product_1063,Click,2022-08-20,1
user_1283,product_1430,Click,2024-11-24,1
user_725,product_1026,Click,2023-02-23,1
user_185,product_605,Add-to-Cart,2022-09-17,1
user_121,product_1170,View,2022-07-11,1
user_283,product_931,Purchase,2023-12-03,3
user_1120,product_1142,View,2024-07-03,1
user_668,product_610,Purchase,2022-06-23,3
user_1404,product_41,Click,2024-05-27,1
user_1113,product_765,Purchase,2024-06-23,3
user_1103,product_1492,View,2023-12-27,1
user_556,product_145,Add-to-Cart,2022-06-22,1
user_341,product_1104,Purchase,2023-03-20,3
user_854,product_201,Purchase,2024-05-22,1
user_845,product_1392,Click,2024-04-02,1
user_639,product_601,Purchase,2022-10-05,1
user_851,product_177,Purchase,2023-11-22,5
user_635,product_146,Purchase,2023-02-07,5
user_735,product_1358,View,2023-07-06,1
user_1108,product_1445,Click,2022-06-25,5
user_293,product_579,Add-to-Cart,2022-06-17,1
user_409,product_1408,Add-to-Cart,2022-08-20,1
user_799,product_859,Click,2023-10-02,1
user_619,product_125,Purchase,2022-02-18,3
user_1493,product_978,Add-to-Cart,2024-11-05,1
user_1469,product_227,Click,2023-10-03,1
user_1333,product_607,Purchase,2023-06-19,3
user_1379,product_785,Click,2024-02-01,3
user_350,product_989,Add-to-Cart,2023-07-22,1
user_44,product_197,View,2023-04-19,1
user_627,product_664,Click,2024-11-08,3
user_145,product_252,Add-to-Cart,2022-04-01,1
user_525,product_174,Purchase,2024-07-01,5
user_61,product_1118,View,2023-01-03,1
user_110,product_1118,View,2024-09-16,1
user_348,product_972,Purchase,2024-07-19,3
user_1130,product_242,Click,2024-07-23,5
user_48,product_451,Purchase,2022-04-20,5
user_305,product_1327,Purchase,2022-03-19,1
user_837,product_886,Purchase,2023-02-10,3
user_792,product_849,View,2022-05-07,1
user_1318,product_1150,Add-to-Cart,2024-01-02,1
user_604,product_774,View,2022-12-07,1
user_466,product_307,Add-to-Cart,2023-07-22,1
user_285,product_696,Add-to-Cart,2024-03-28,1
user_217,product_460,Add-to-Cart,2024-09-04,1
user_1047,product_1069,Purchase,2023-02-15,3
user_703,product_1327,Purchase,2022-06-23,1
user_1264,product_118,Click,2022-05-30,1
user_760,product_908,View,2024-07-29,1
user_113,product_714,View,2022-04-14,1
user_29,product_617,Click,2022-02-05,3
user_689,product_721,View,2024-12-04,1
user_1409,product_65,Add-to-Cart,2024-03-07,1
user_79,product_959,Click,2023-01-07,5
user_1313,product_737,Click,2024-12-22,3
user_502,product_841,View,2023-11-28,1
user_1115,product_1200,View,2024-01-01,1
user_171,product_357,View,2024-11-03,1
user_236,product_306,Purchase,2022-07-04,3
user_346,product_526,Purchase,2022-06-12,3
user_1174,product_1484,Purchase,2022-06-03,3
user_552,product_1423,Add-to-Cart,2022-01-01,1
user_815,product_1412,View,2023-09-08,1
user_617,product_1336,View,2024-02-15,1
user_1117,product_204,Click,2022-01-04,5
user_774,product_83,View,2024-08-20,1
user_1009,product_1417,Add-to-Cart,2024-02-01,1
user_862,product_754,Add-to-Cart,2024-01-04,1
user_649,product_1282,View,2023-07-31,1
user_1395,product_297,View,2022-04-27,1
user_385,product_262,Add-to-Cart,2023-06-27,1
user_467,product_1098,Purchase,2024-08-02,5
user_538,product_99,Click,2022-09-01,1
user_856,product_788,Purchase,2024-09-11,1
user_360,product_1104,Click,2023-09-27,3
user_738,product_452,View,2023-01-29,1
user_777,product_1360,Click,2023-07-02,1
user_298,product_679,Purchase,2022-08-04,1
user_481,product_739,Click,2022-02-02,5
user_481,product_778,Purchase,2023-10-26,3
user_228,product_438,Purchase,2023-07-25,3
user_1373,product_364,Purchase,2022-02-05,1
user_735,product_726,Purchase,2022-09-11,5
user_229,product_402,Add-to-Cart,2024-02-22,1
user_347,product_908,Click,2023-11-02,1
user_194,product_916,Add-to-Cart,2024-06-20,1
user_521,product_952,Purchase,2022-09-19,3
user_562,product_400,Add-to-Cart,2022-04-11,1
user_127,product_1012,Purchase,2024-06-04,3
user_1375,product_145,View,2023-04-15,1
user_763,product_590,Purchase,2023-08-14,3
user_196,product_875,View,2023-02-26,1
user_749,product_1060,View,2022-12-17,1
user_346,product_411,Purchase,2022-10-21,3
user_500,product_704,Add-to-Cart,2023-01-08,1
user_910,product_733,View,2024-09-24,1
user_1457,product_674,Purchase,2023-11-16,1
user_718,product_610,Add-to-Cart,2024-07-14,1
user_119,product_626,Click,2024-02-01,1
user_1216,product_1407,Purchase,2023-01-29,5
user_507,product_1223,Click,2024-02-24,1
user_118,product_869,Purchase,2022-04-10,5
user_777,product_196,Add-to-Cart,2024-01-07,1
user_1085,product_1120,Purchase,2023-09-19,1
user_461,product_149,Click,2023-04-10,5
user_1365,product_829,Purchase,2022-02-08,5
user_1179,product_1288,Click,2023-09-19,3
user_1407,product_1221,Add-to-Cart,2023-12-14,1
user_648,product_514,Click,2022-11-04,5
user_649,product_1265,Click,2022-03-22,5
user_1482,product_664,Click,2023-09-03,5
user_816,product_719,Purchase,2022-11-11,1
user_461,product_341,View,2023-09-25,1
user_501,product_1019,Click,2022-01-18,5
user_1194,product_960,View,2022-06-23,1
user_938,product_117,Click,2023-03-17,5
user_246,product_813,Click,2024-03-16,3
user_655,product_71,Add-to-Cart,2023-05-08,1
user_242,product_416,Purchase,2024-08-28,5
user_616,product_324,View,2023-12-22,1
user_1024,product_1129,Purchase,2024-06-13,1
user_1268,product_1426,Add-to-Cart,2024-04-18,1
user_882,product_1232,View,2023-01-05,1
user_638,product_482,Add-to-Cart,2024-06-09,1
user_1437,product_645,View,2022-04-04,1
user_499,product_700,View,2022-05-04,1
user_1357,product_1067,Click,2022-07-05,1
user_1094,product_1474,Purchase,2022-12-17,3
user_89,product_982,Click,2023-08-28,5
user_1231,product_1213,Add-to-Cart,2022-01-19,1
user_1457,product_1095,Add-to-Cart,2022-04-26,1
user_427,product_489,Add-to-Cart,2022-04-14,1
user_1154,product_270,Click,2022-10-13,1
user_1038,product_617,Click,2024-11-13,1
user_105,product_667,Add-to-Cart,2022-08-11,1
user_80,product_116,Click,2023-11-06,3
user_86,product_1188,Click,2024-07-24,5
user_229,product_416,Add-to-Cart,2022-04-28,1
user_916,product_140,Add-to-Cart,2022-07-01,1
user_1202,product_592,Add-to-Cart,2022-08-16,1
user_99,product_1059,Add-to-Cart,2022-08-08,1
user_433,product_890,View,2024-10-15,1
user_838,product_47,Click,2024-03-02,5
user_488,product_1369,Click,2024-11-13,3
user_120,product_1096,Purchase,2022-12-05,1
user_127,product_656,Purchase,2024-09-18,3
user_429,product_1174,Click,2023-05-24,1
user_386,product_842,Purchase,2024-05-10,3
user_490,product_944,Click,2023-12-08,5
user_720,product_928,Purchase,2024-05-15,5
user_1192,product_653,Click,2022-12-08,5
user_1049,product_232,View,2023-09-11,1
user_1269,product_1112,Add-to-Cart,2024-04-09,1
user_164,product_46,Add-to-Cart,2024-07-24,1
user_980,product_775,Purchase,2024-02-26,1
user_121,product_955,Add-to-Cart,2022-08-28,1
user_542,product_692,Purchase,2022-12-19,1
user_728,product_702,Click,2023-04-03,5
user_1486,product_1203,Purchase,2022-06-22,3
user_570,product_37,Add-to-Cart,2024-05-28,1
user_89,product_98,Click,2024-07-08,3
user_1240,product_545,Click,2024-12-23,1
user_1280,product_469,Purchase,2024-04-10,5
user_316,product_1380,Click,2023-10-30,3
user_277,product_186,Add-to-Cart,2023-07-31,1
user_1094,product_1300,View,2024-05-24,1
user_163,product_433,Add-to-Cart,2024-05-24,1
user_90,product_385,Click,2022-02-18,5
user_1293,product_1434,Add-to-Cart,2023-07-24,1
user_849,product_859,View,2024-12-31,1
user_103,product_42,Purchase,2024-05-04,3
user_1361,product_1279,Purchase,2022-06-23,1
user_140,product_813,Click,2023-11-20,5
user_1478,product_816,View,2024-12-31,1
user_541,product_552,Purchase,2024-03-09,5
user_1375,product_1406,Purchase,2023-10-31,3
user_960,product_998,Purchase,2024-09-26,1
user_1238,product_1400,Click,2023-02-25,5
user_651,product_891,View,2023-07-10,1
user_793,product_1233,Click,2022-03-24,3
user_1153,product_1114,Click,2022-01-08,3
user_623,product_167,Click,2023-11-24,1
user_616,product_418,Purchase,2024-03-25,3
user_435,product_201,Purchase,2022-06-20,3
user_1139,product_769,Add-to-Cart,2022-03-05,1
user_697,product_561,Click,2023-09-21,1
user_1133,product_1430,Click,2022-02-28,5
user_159,product_686,Click,2023-02-21,5
user_295,product_1428,Click,2024-05-13,1
user_342,product_560,View,2024-10-19,1
user_477,product_1306,Add-to-Cart,2024-01-04,1
user_382,product_355,Purchase,2022-08-08,1
user_134,product_942,Purchase,2022-06-21,1
user_1184,product_495,Purchase,2023-05-06,5
user_409,product_959,Click,2022-05-10,5
user_1401,product_271,Click,2023-05-18,5
user_927,product_1443,Purchase,2024-11-10,5
user_524,product_1459,Click,2024-03-18,3
user_1154,product_87,Add-to-Cart,2024-08-24,1
user_1350,product_1222,Click,2024-02-18,3
user_530,product_28,Add-to-Cart,2024-09-16,1
user_519,product_906,View,2024-07-10,1
user_957,product_90,Click,2024-07-27,5
user_445,product_952,Click,2022-09-18,5
user_1369,product_217,Add-to-Cart,2022-02-11,1
user_216,product_674,Click,2024-10-13,5
user_669,product_987,Add-to-Cart,2024-07-15,1
user_1095,product_1283,Purchase,2024-11-04,5
user_547,product_1004,Add-to-Cart,2023-03-21,1
user_226,product_311,Purchase,2024-04-08,3
user_1449,product_1194,Purchase,2022-12-12,3
user_716,product_134,View,2024-10-31,1
user_368,product_736,Click,2022-07-06,1
user_786,product_684,Purchase,2024-05-31,1
user_817,product_1078,Click,2024-10-14,5
user_1042,product_1456,Add-to-Cart,2022-04-20,1
user_959,product_790,Click,2024-05-15,1
user_538,product_1144,Click,2024-10-23,1
user_890,product_303,View,2022-01-27,1
user_920,product_909,Purchase,2022-08-29,1
user_771,product_925,Purchase,2024-02-04,3
user_1016,product_727,Click,2024-04-14,5
user_373,product_255,View,2024-01-07,1
user_261,product_801,View,2022-01-18,1
user_1198,product_914,Purchase,2023-07-15,3
user_966,product_1162,Purchase,2024-09-14,5
user_1213,product_40,Add-to-Cart,2022-07-16,1
user_266,product_676,Click,2024-12-23,3
user_1100,product_659,View,2024-05-01,1
user_1333,product_1192,Click,2024-07-05,3
user_945,product_856,Add-to-Cart,2024-08-23,1
user_1491,product_186,Purchase,2022-02-13,1
user_240,product_488,View,2024-11-14,1
user_585,product_244,Add-to-Cart,2024-03-29,1
user_1202,product_1410,View,2024-09-25,1
user_489,product_729,Purchase,2023-12-29,1
user_830,product_874,Purchase,2022-04-27,3
user_80,product_770,Click,2024-03-06,3
user_1299,product_1359,View,2024-04-19,1
user_1158,product_677,View,2022-07-19,1
user_302,product_582,Purchase,2023-03-29,5
user_314,product_804,Add-to-Cart,2022-01-16,1
user_1342,product_801,Click,2023-09-06,5
user_1392,product_272,Purchase,2023-03-17,1
user_379,product_413,Purchase,2023-12-05,1
user_1365,product_1248,Add-to-Cart,2022-05-12,1
user_562,product_536,View,2022-05-09,1
user_1214,product_766,Purchase,2022-10-14,1
user_1053,product_1485,View,2023-03-09,1
user_1198,product_490,Add-to-Cart,2024-03-19,1
user_1273,product_1416,Click,2022-12-21,5
user_1187,product_394,View,2024-04-11,1
user_1123,product_396,View,2024-12-11,1
user_1027,product_427,Click,2022-06-23,1
user_72,product_1267,View,2022-09-09,1
user_113,product_1224,Purchase,2024-04-08,3
user_1399,product_1293,Add-to-Cart,2022-07-12,1
user_1001,product_836,Add-to-Cart,2022-01-31,1
user_920,product_1018,Purchase,2024-07-07,3
user_162,product_242,Add-to-Cart,2022-06-07,1
user_233,product_195,View,2023-05-27,1
user_1468,product_451,Purchase,2023-07-30,1
user_1079,product_1294,Click,2024-03-30,1
user_412,product_180,Click,2023-07-15,1
user_242,product_218,Add-to-Cart,2023-07-21,1
user_1475,product_176,View,2024-04-29,1
user_1200,product_1123,Click,2024-11-15,5
user_49,product_611,Add-to-Cart,2024-10-11,1
user_592,product_794,Click,2022-06-11,1
user_343,product_829,Purchase,2023-08-19,1
user_939,product_977,Add-to-Cart,2022-04-29,1
user_1364,product_1287,Add-to-Cart,2023-08-22,1
user_874,product_862,Add-to-Cart,2024-06-26,1
user_1432,product_1495,Purchase,2023-08-28,1
user_592,product_1393,Purchase,2023-04-05,3
user_1054,product_1123,Add-to-Cart,2024-11-20,1
user_1086,product_655,Click,2022-07-05,1
user_838,product_432,View,2024-07-22,1
user_691,product_521,Click,2024-01-04,1
user_1094,product_1088,Click,2022-11-14,3
user_996,product_1009,View,2023-02-02,1
user_797,product_1423,Purchase,2024-06-02,3
user_577,product_1197,Add-to-Cart,2023-03-22,1
user_22,product_391,Purchase,2022-08-03,3
user_1418,product_1086,Purchase,2022-05-09,5
user_1183,product_435,Click,2023-10-25,5
user_847,product_1261,View,2022-07-10,1
user_638,product_1158,Add-to-Cart,2023-09-24,1
user_1229,product_526,Purchase,2022-11-18,3
user_197,product_1397,Add-to-Cart,2024-10-30,1
user_914,product_864,View,2022-06-07,1
user_1156,product_519,Click,2024-03-24,3
user_901,product_116,View,2024-09-15,1
user_340,product_1395,Add-to-Cart,2023-10-16,1
user_378,product_98,Purchase,2024-06-30,1
user_41,product_1075,Add-to-Cart,2022-12-04,1
user_389,product_318,Click,2024-06-17,5
user_643,product_1312,Click,2022-07-08,3
user_836,product_878,Purchase,2022-01-17,5
user_161,product_693,View,2024-10-26,1
user_141,product_1065,View,2022-08-25,1
user_614,product_1011,Purchase,2022-01-28,5
user_1413,product_1234,Purchase,2023-01-07,5
user_951,product_1129,Add-to-Cart,2022-07-13,1
user_855,product_911,Add-to-Cart,2023-12-27,1
user_468,product_850,Click,2022-07-13,1
user_661,product_1288,Add-to-Cart,2023-11-17,1
user_578,product_439,Add-to-Cart,2022-02-01,1
user_859,product_96,Purchase,2023-05-06,1
user_1171,product_533,Add-to-Cart,2023-10-24,1
user_1366,product_613,Click,2024-11-01,3
user_187,product_1469,View,2024-06-21,1
user_407,product_945,Click,2023-10-08,3
user_1155,product_1028,View,2024-10-22,1
user_946,product_1276,Add-to-Cart,2024-11-28,1
user_717,product_1142,Click,2024-03-28,3
user_1294,product_1435,Click,2022-08-15,1
user_1332,product_331,Click,2022-11-20,1
user_688,product_178,Click,2023-07-09,1
user_610,product_296,View,2024-02-05,1
user_157,product_940,Click,2024-01-31,1
user_399,product_1022,Click,2023-03-31,3
user_1311,product_81,Click,2022-04-14,3
user_207,product_1127,Purchase,2022-03-03,5
user_110,product_817,Purchase,2022-04-11,5
user_456,product_577,Purchase,2023-05-24,1
user_1347,product_439,Click,2024-02-01,3
user_313,product_365,View,2022-06-09,1
user_859,product_1333,Add-to-Cart,2023-01-12,1
user_164,product_1457,Click,2024-09-04,3
user_414,product_1477,Click,2024-09-26,1
user_514,product_822,Add-to-Cart,2024-06-13,1
user_618,product_441,Purchase,2022-05-06,1
user_56,product_130,Purchase,2024-08-11,5
user_283,product_1155,View,2024-04-14,1
user_1123,product_1113,Add-to-Cart,2023-03-19,1
user_1265,product_421,View,2024-06-15,1
user_1051,product_100,Click,2022-08-12,5
user_851,product_361,Click,2022-04-17,1
user_1228,product_559,Purchase,2022-08-19,5
user_422,product_343,View,2023-07-17,1
user_264,product_342,View,2022-06-11,1
user_322,product_995,Click,2023-03-22,3
user_1339,product_614,Purchase,2024-10-18,1
user_1133,product_1019,Add-to-Cart,2023-08-31,1
user_935,product_703,Add-to-Cart,2022-07-27,1
user_895,product_1262,Add-to-Cart,2023-12-09,1
user_1136,product_476,Click,2024-02-18,3
user_606,product_820,Click,2024-07-07,3
user_626,product_1203,Purchase,2024-10-16,3
user_1412,product_1144,Purchase,2024-08-11,3
user_100,product_174,View,2024-08-11,1
user_342,product_1144,Add-to-Cart,2022-03-25,1
user_1121,product_1163,Purchase,2023-12-01,1
user_848,product_1237,Add-to-Cart,2024-01-06,1
user_1061,product_889,Purchase,2023-08-07,1
user_727,product_412,Click,2024-03-25,3
user_1291,product_1353,View,2024-03-25,1
user_573,product_511,Add-to-Cart,2024-02-16,1
user_924,product_1240,Click,2024-08-27,5
user_1274,product_475,View,2023-05-30,1
user_556,product_1326,Add-to-Cart,2022-10-05,1
user_869,product_518,Add-to-Cart,2022-10-02,1
user_1471,product_1410,Click,2022-04-06,3
user_374,product_1223,Click,2024-05-21,5
user_1250,product_575,Add-to-Cart,2024-09-10,1
user_991,product_397,Purchase,2024-09-26,3
user_703,product_171,Purchase,2024-10-20,5
user_1463,product_850,Purchase,2024-11-05,1
user_1232,product_690,Purchase,2023-06-09,5
user_905,product_90,Purchase,2022-03-02,1
user_1302,product_110,Purchase,2024-09-15,5
user_1202,product_367,Purchase,2023-06-12,3
user_108,product_1490,Add-to-Cart,2022-01-30,1
user_359,product_839,Click,2022-04-24,5
user_1180,product_1164,Click,2024-02-12,1
user_411,product_1130,Purchase,2023-02-16,3
user_644,product_349,Purchase,2023-07-18,1
user_787,product_51,View,2022-05-06,1
user_890,product_1276,Add-to-Cart,2024-03-09,1
user_1409,product_262,Click,2023-10-26,1
user_1260,product_1393,Add-to-Cart,2023-07-24,1
user_227,product_1153,Click,2023-10-17,1
user_1228,product_820,Purchase,2022-11-04,1
user_49,product_499,Click,2022-06-14,5
user_1372,product_512,View,2023-05-31,1
user_79,product_207,Add-to-Cart,2024-12-16,1
user_978,product_1347,Add-to-Cart,2023-03-24,1
user_979,product_829,Purchase,2022-10-05,1
user_1082,product_573,Add-to-Cart,2024-11-19,1
user_1019,product_458,Add-to-Cart,2022-10-23,1
user_313,product_720,Click,2023-01-22,1
user_386,product_731,Purchase,2022-11-01,5
user_399,product_972,Purchase,2023-10-06,5
user_1073,product_108,Click,2022-03-06,1
user_1293,product_1329,Click,2022-10-21,3
user_100,product_1094,Purchase,2023-03-10,3
user_987,product_224,Purchase,2024-12-18,3
user_1030,product_917,View,2022-05-03,1
user_288,product_445,Add-to-Cart,2023-06-21,1
user_244,product_251,Click,2023-01-25,1
user_214,product_441,Click,2022-04-03,3
user_1142,product_1113,Purchase,2023-03-25,1
user_862,product_1034,Add-to-Cart,2022-04-22,1
user_1407,product_190,View,2024-06-28,1
user_88,product_193,View,2024-05-21,1
user_242,product_595,View,2022-02-12,1
user_636,product_633,Purchase,2023-12-04,5
user_111,product_1249,Click,2022-03-13,3
user_652,product_191,Add-to-Cart,2024-03-22,1
user_1153,product_706,Purchase,2024-03-03,5
user_1447,product_202,Add-to-Cart,2024-03-13,1
user_651,product_591,Click,2022-06-22,3
user_1377,product_808,Click,2024-12-16,3
user_675,product_835,Purchase,2023-04-02,1
user_323,product_589,Click,2024-02-10,1
user_1055,product_247,View,2024-06-16,1
user_1012,product_858,View,2022-02-17,1
user_770,product_584,View,2023-07-18,1
user_574,product_1317,Purchase,2022-07-30,5
user_564,product_282,Add-to-Cart,2022-02-18,1
user_1087,product_395,View,2024-07-06,1
user_1182,product_255,View,2022-01-09,1
user_19,product_177,View,2022-03-03,1
user_1250,product_776,Add-to-Cart,2022-02-06,1
user_424,product_1435,Click,2023-07-26,5
user_285,product_613,Click,2023-12-18,5
user_1196,product_401,View,2024-02-29,1
user_964,product_304,Click,2024-05-27,1
user_211,product_149,Add-to-Cart,2023-05-25,1
user_445,product_214,Add-to-Cart,2022-03-20,1
user_415,product_1155,Add-to-Cart,2023-11-19,1
user_771,product_673,View,2023-06-01,1
user_931,product_1435,View,2024-07-30,1
user_1348,product_314,View,2023-01-27,1
user_1146,product_732,View,2022-11-27,1
user_1423,product_882,Purchase,2024-03-08,3
user_35,product_1440,Click,2024-05-31,5
user_561,product_1106,Add-to-Cart,2024-12-04,1
user_1210,product_876,Click,2024-01-06,1
user_373,product_1317,View,2022-11-29,1
user_753,product_537,Click,2023-10-21,1
user_780,product_1076,View,2023-01-15,1
user_540,product_1496,Click,2024-06-16,1
user_475,product_518,Click,2022-09-04,1
user_399,product_15,View,2024-08-15,1
user_1033,product_421,Click,2023-11-29,3
user_70,product_1157,Add-to-Cart,2022-03-15,1
user_1477,product_1283,Click,2022-05-24,1
user_819,product_1103,Purchase,2024-02-07,1
user_1453,product_75,View,2024-09-14,1
user_145,product_771,Click,2024-12-04,3
user_810,product_574,Purchase,2024-06-04,5
user_131,product_510,Click,2022-07-01,5
user_839,product_391,Add-to-Cart,2022-10-17,1
user_436,product_517,Click,2024-05-09,1
user_1369,product_644,Add-to-Cart,2023-12-12,1
user_971,product_1075,Click,2023-05-13,5
user_714,product_1145,Click,2024-09-15,3
user_987,product_125,View,2023-10-14,1
user_37,product_371,View,2024-07-22,1
user_612,product_215,View,2024-12-07,1
user_151,product_17,Add-to-Cart,2022-07-15,1
user_1011,product_1262,Purchase,2022-04-22,5
user_1083,product_266,View,2022-11-19,1
user_523,product_514,Click,2022-12-22,3
user_503,product_685,Add-to-Cart,2022-10-11,1
user_1065,product_203,View,2024-11-09,1
user_1450,product_336,Add-to-Cart,2023-11-26,1
user_295,product_1151,Purchase,2022-06-09,3
user_356,product_100,View,2023-05-29,1
user_1100,product_935,Purchase,2023-09-01,5
user_114,product_33,Add-to-Cart,2023-02-18,1
user_1422,product_874,View,2023-12-09,1
user_291,product_1001,Purchase,2023-07-21,3
user_844,product_1120,View,2024-03-20,1
user_1263,product_846,Add-to-Cart,2023-05-21,1
user_1104,product_27,Click,2022-11-01,1
user_928,product_496,View,2022-12-30,1
user_1131,product_1180,View,2023-12-08,1
user_9,product_204,Purchase,2022-11-05,1
user_688,product_267,View,2024-01-24,1
user_1282,product_1279,Add-to-Cart,2023-11-10,1
user_1277,product_19,Add-to-Cart,2024-08-29,1
user_1267,product_648,Purchase,2023-03-07,1
user_521,product_24,Click,2024-04-28,3
user_509,product_296,Click,2023-03-06,1
user_317,product_1335,Click,2023-11-05,1
user_830,product_787,View,2024-08-01,1
user_454,product_1293,Add-to-Cart,2022-03-27,1
user_527,product_1264,View,2023-10-15,1
user_1320,product_754,Click,2022-04-20,3
user_1429,product_746,View,2023-05-19,1
user_1171,product_684,Add-to-Cart,2024-01-02,1
user_1180,product_324,Purchase,2022-04-02,3
user_832,product_490,Add-to-Cart,2022-06-27,1
user_1038,product_965,View,2024-06-28,1
user_1424,product_187,Add-to-Cart,2022-06-26,1
user_15,product_1431,View,2022-05-27,1
user_797,product_398,Purchase,2023-02-24,3
user_121,product_1354,Click,2024-05-07,1
user_206,product_1273,View,2024-02-13,1
user_1310,product_1069,View,2023-01-07,1
user_367,product_29,View,2023-05-10,1
user_510,product_30,Click,2024-11-10,3
user_307,product_828,Purchase,2022-02-28,1
user_1418,product_513,View,2022-08-25,1
user_1136,product_22,Purchase,2022-06-05,5
user_1148,product_97,Click,2024-04-28,3
user_1211,product_655,Click,2022-04-06,1
user_1474,product_1020,View,2022-02-27,1
user_1015,product_828,Purchase,2024-05-05,1
user_835,product_541,Click,2023-12-23,1
user_1277,product_545,Add-to-Cart,2022-06-20,1
user_1302,product_1382,View,2023-04-19,1
user_980,product_1388,Add-to-Cart,2023-09-20,1
user_259,product_601,Add-to-Cart,2024-07-11,1
user_853,product_325,Add-to-Cart,2022-09-06,1
user_1461,product_726,View,2024-06-09,1
user_1494,product_371,View,2022-05-06,1
user_858,product_919,Purchase,2023-11-27,1
user_1204,product_1032,Add-to-Cart,2023-07-05,1
user_639,product_953,Click,2022-08-14,5
user_1066,product_1023,Add-to-Cart,2022-04-21,1
user_1132,product_624,Add-to-Cart,2023-07-10,1
user_674,product_188,Purchase,2024-09-04,5
user_830,product_663,Add-to-Cart,2023-01-24,1
user_57,product_486,View,2022-12-16,1
user_209,product_309,Click,2022-01-01,3
user_391,product_1231,View,2023-04-14,1
user_1402,product_509,View,2023-06-07,1
user_770,product_1061,Click,2022-12-30,5
user_53,product_842,Purchase,2023-03-17,1
user_318,product_1154,Add-to-Cart,2022-07-10,1
user_1353,product_1303,Add-to-Cart,2022-01-29,1
user_355,product_972,Click,2024-07-20,1
user_322,product_126,Purchase,2024-06-05,5
user_1008,product_358,Click,2023-07-24,1
user_1060,product_209,Add-to-Cart,2022-01-21,1
user_1348,product_587,Add-to-Cart,2024-09-22,1
user_736,product_1041,View,2023-09-11,1
user_467,product_236,Click,2024-08-23,3
user_264,product_502,Add-to-Cart,2022-04-07,1
user_697,product_657,View,2022-03-19,1
user_1156,product_134,Add-to-Cart,2022-08-02,1
user_1255,product_1166,View,2023-04-19,1
user_450,product_1389,View,2022-08-21,1
user_131,product_392,Purchase,2022-09-14,3
user_822,product_1341,Purchase,2024-05-03,5
user_829,product_1474,Click,2022-11-16,5
user_22,product_235,Click,2024-05-19,3
user_177,product_314,Add-to-Cart,2022-10-28,1
user_146,product_226,View,2022-11-23,1
user_1288,product_570,Click,2023-05-24,5
user_197,product_710,View,2023-10-11,1
user_452,product_1178,Click,2023-09-04,5
user_1460,product_202,Click,2023-03-29,3
user_397,product_1225,Add-to-Cart,2023-10-13,1
user_40,product_755,Purchase,2022-09-21,3
user_191,product_272,Click,2023-08-20,3
user_1434,product_148,Add-to-Cart,2024-06-12,1
user_392,product_442,Purchase,2023-11-10,5
user_18,product_412,Add-to-Cart,2023-07-31,1
user_40,product_200,Purchase,2023-01-06,3
user_661,product_404,Add-to-Cart,2024-02-03,1
user_405,product_386,View,2023-08-16,1
user_509,product_496,View,2022-10-20,1
user_526,product_1216,View,2024-05-01,1
user_76,product_1445,Add-to-Cart,2023-05-01,1
user_1047,product_746,Purchase,2023-08-09,1
user_488,product_732,Purchase,2024-08-02,5
user_309,product_536,Click,2024-02-29,3
user_1290,product_426,View,2024-09-18,1
user_1387,product_654,Click,2024-05-29,3
user_804,product_411,View,2022-10-23,1
user_536,product_1131,View,2024-11-28,1
user_158,product_774,Add-to-Cart,2022-04-16,1
user_868,product_1260,Purchase,2024-05-31,5
user_15,product_757,View,2023-05-04,1
user_1298,product_1437,Purchase,2023-11-21,1
user_1202,product_561,Click,2022-10-30,3
user_843,product_201,View,2022-12-06,1
user_1050,product_217,Purchase,2024-03-16,1
user_1295,product_1100,Click,2024-01-04,1
user_52,product_684,Purchase,2023-08-31,1
user_397,product_925,Add-to-Cart,2022-10-07,1
user_1103,product_578,Purchase,2022-01-26,5
user_426,product_75,View,2023-01-18,1
user_1375,product_1308,Purchase,2022-10-06,5
user_1343,product_846,View,2024-12-02,1
user_1115,product_1233,View,2024-01-30,1
user_1252,product_109,Click,2022-03-10,5
user_201,product_1120,Purchase,2024-09-17,5
user_795,product_214,View,2024-11-04,1
user_386,product_677,Click,2024-04-25,1
user_567,product_1109,Click,2022-03-24,5
user_205,product_832,Add-to-Cart,2024-07-07,1
user_601,product_878,View,2023-07-23,1
user_1036,product_85,Click,2022-11-08,1
user_202,product_173,Purchase,2024-10-13,1
user_1206,product_289,Click,2023-10-31,5
user_305,product_299,Purchase,2022-11-06,3
user_900,product_469,View,2022-09-25,1
user_696,product_434,Click,2024-10-31,3
user_1446,product_1159,Click,2024-05-07,5
user_42,product_51,View,2022-03-08,1
user_113,product_1382,Click,2024-02-09,3
user_311,product_919,Click,2024-09-14,5
user_448,product_456,Purchase,2022-04-14,1
user_1099,product_1216,Add-to-Cart,2023-05-17,1
user_221,product_794,Purchase,2024-11-19,5
user_961,product_422,Click,2024-06-14,3
user_309,product_531,View,2024-03-29,1
user_552,product_375,Add-to-Cart,2023-12-24,1
user_233,product_478,Click,2022-06-26,1
user_731,product_1055,Purchase,2023-04-03,5
user_1178,product_386,View,2023-10-21,1
user_559,product_1164,Add-to-Cart,2022-11-26,1
user_879,product_1373,Add-to-Cart,2023-11-10,1
user_502,product_683,Add-to-Cart,2024-08-12,1
user_823,product_654,View,2024-10-18,1
user_788,product_984,Purchase,2022-10-01,1
user_652,product_1170,View,2022-08-27,1
user_83,product_757,Click,2022-09-16,1
user_500,product_340,Add-to-Cart,2023-04-08,1
user_824,product_545,Click,2024-06-26,1
user_1141,product_869,View,2023-06-03,1
user_1304,product_397,View,2024-03-17,1
user_861,product_1273,Add-to-Cart,2024-01-04,1
user_725,product_750,Click,2023-12-13,3
user_1422,product_308,Purchase,2022-12-18,5
user_909,product_1314,View,2024-10-31,1
user_835,product_1302,View,2022-11-24,1
user_1062,product_859,Add-to-Cart,2024-10-13,1
user_992,product_1209,Purchase,2024-06-08,5
user_712,product_260,View,2024-01-04,1
user_1486,product_886,Add-to-Cart,2024-02-21,1
user_372,product_962,View,2023-03-22,1
user_479,product_793,Click,2024-01-13,3
user_1221,product_717,View,2023-07-25,1
user_1034,product_982,Purchase,2024-08-19,3
user_312,product_1411,Purchase,2022-01-31,5
user_122,product_137,Add-to-Cart,2024-10-06,1
user_1070,product_1401,Click,2024-07-03,3
user_219,product_1311,View,2022-11-08,1
user_78,product_819,Click,2024-06-21,5
user_282,product_355,Add-to-Cart,2023-05-14,1
user_732,product_88,Purchase,2024-09-09,5
user_442,product_755,Add-to-Cart,2023-06-08,1
user_577,product_1128,Purchase,2023-05-20,3
user_573,product_1073,Purchase,2024-07-08,5
user_20,product_21,Click,2022-06-27,3
user_1465,product_1029,Click,2023-07-27,5
user_1114,product_981,Click,2023-03-30,1
user_1262,product_647,View,2024-03-19,1
user_664,product_1058,Add-to-Cart,2022-12-14,1
user_1423,product_1364,Purchase,2024-10-27,5
user_1324,product_1011,Add-to-Cart,2023-10-06,1
user_535,product_1235,Click,2023-10-12,1
user_1062,product_248,Add-to-Cart,2023-11-10,1
user_585,product_1026,Click,2022-01-21,3
user_370,product_511,Purchase,2024-07-20,5
user_212,product_764,Purchase,2022-05-18,3
user_1058,product_613,Click,2024-09-29,1
user_873,product_276,View,2022-05-17,1
user_1176,product_246,Click,2024-04-23,5
user_251,product_1149,Click,2023-05-10,5
user_455,product_1044,Purchase,2024-08-13,5
user_1208,product_960,Purchase,2022-10-01,1
user_1086,product_175,Purchase,2023-10-16,1
user_1406,product_1274,Add-to-Cart,2024-07-30,1
user_391,product_47,Purchase,2023-09-06,5
user_1444,product_836,Click,2022-06-16,3
user_12,product_750,Add-to-Cart,2023-11-20,1
user_643,product_505,Add-to-Cart,2024-10-09,1
user_80,product_434,Purchase,2024-04-27,1
user_676,product_38,Add-to-Cart,2022-07-14,1
user_1097,product_650,View,2022-10-23,1
user_931,product_1418,Click,2023-05-21,3
user_1399,product_650,Purchase,2024-09-24,3
user_290,product_825,Purchase,2023-03-26,5
user_1297,product_142,Click,2023-12-27,5
user_1233,product_755,Purchase,2023-02-13,5
user_436,product_418,Add-to-Cart,2022-03-25,1
user_791,product_659,View,2023-08-17,1
user_430,product_822,View,2022-05-21,1
user_1439,product_879,Click,2023-09-22,1
user_1289,product_204,View,2024-12-16,1
user_65,product_1432,Add-to-Cart,2023-09-10,1
user_17,product_346,Click,2023-10-30,5
user_392,product_760,Purchase,2023-10-03,1
user_18,product_119,Add-to-Cart,2024-04-22,1
user_90,product_849,Add-to-Cart,2024-01-18,1
user_1418,product_1400,Click,2024-10-05,1
user_680,product_383,Click,2023-06-20,3
user_1016,product_1348,Add-to-Cart,2023-11-27,1
user_1405,product_1044,View,2022-05-11,1
user_43,product_96,Add-to-Cart,2023-12-11,1
user_408,product_181,Purchase,2022-11-24,3
user_52,product_853,Purchase,2022-11-23,5
user_215,product_996,Purchase,2022-11-15,3
user_1324,product_310,Click,2024-04-08,3
user_181,product_355,Click,2024-05-25,5
user_332,product_122,Add-to-Cart,2022-12-25,1
user_1290,product_1436,View,2024-10-09,1
user_224,product_62,Add-to-Cart,2022-05-06,1
user_266,product_391,View,2022-04-08,1
user_190,product_1412,Click,2022-03-19,1
user_5,product_872,View,2024-11-14,1
user_1251,product_295,View,2023-07-09,1
user_1141,product_1167,View,2022-11-20,1
user_711,product_254,Purchase,2023-08-13,5
user_1048,product_1456,Purchase,2024-09-02,1
user_1443,product_382,Add-to-Cart,2024-08-22,1
user_1076,product_1066,View,2023-08-04,1
user_401,product_1013,Click,2024-07-20,1
user_1038,product_592,Purchase,2022-04-27,1
user_1141,product_678,Click,2024-09-20,5
user_530,product_453,Click,2024-08-21,3
user_1490,product_660,Click,2024-01-13,3
user_177,product_336,Click,2022-01-04,5
user_866,product_914,Purchase,2023-07-08,1
user_1282,product_119,View,2022-09-09,1
user_392,product_441,Purchase,2023-08-29,1
user_529,product_546,View,2024-08-03,1
user_881,product_862,Click,2022-10-01,3
user_254,product_92,View,2022-09-06,1
user_1098,product_1354,Add-to-Cart,2023-11-04,1
user_1345,product_59,Purchase,2023-04-12,5
user_1354,product_1059,View,2024-03-01,1
user_263,product_1290,Add-to-Cart,2022-03-25,1
user_909,product_1177,Purchase,2022-05-30,1
user_159,product_366,Add-to-Cart,2023-07-05,1
user_1160,product_445,View,2023-06-04,1
user_129,product_798,Add-to-Cart,2022-02-18,1
user_325,product_794,Purchase,2022-06-15,3
user_1266,product_595,Add-to-Cart,2024-05-15,1
user_929,product_978,Purchase,2024-12-09,5
user_528,product_571,Click,2024-10-01,3
user_547,product_1095,Add-to-Cart,2023-06-14,1
user_277,product_128,Purchase,2023-09-19,1
user_1322,product_63,Add-to-Cart,2024-05-06,1
user_295,product_513,View,2024-03-15,1
user_1122,product_1400,Click,2024-03-04,3
user_654,product_323,View,2024-11-24,1
user_76,product_815,Click,2024-05-11,1
user_566,product_707,Click,2022-11-18,3
user_713,product_1277,View,2024-06-22,1
user_1122,product_1122,Add-to-Cart,2024-07-20,1
user_635,product_537,Click,2023-04-12,1
user_1478,product_39,Purchase,2022-05-13,5
user_1470,product_835,Add-to-Cart,2023-05-05,1
user_791,product_329,Purchase,2023-07-10,5
user_1421,product_438,Purchase,2022-01-30,1
user_887,product_488,Click,2024-12-24,5
user_939,product_535,View,2022-08-02,1
user_722,product_572,Click,2022-09-23,1
user_549,product_1338,Add-to-Cart,2022-10-04,1
user_1087,product_170,Purchase,2024-12-26,5
user_432,product_400,Add-to-Cart,2022-02-13,1
user_872,product_902,Add-to-Cart,2024-01-04,1
user_695,product_465,Click,2024-08-30,1
user_1107,product_1179,Add-to-Cart,2022-05-21,1
user_594,product_1142,Click,2022-09-18,5
user_39,product_865,Add-to-Cart,2022-01-12,1
user_328,product_1356,Purchase,2023-02-24,1
user_321,product_524,Click,2022-09-29,1
user_1079,product_446,Purchase,2022-05-18,5
user_652,product_1144,Purchase,2024-01-01,3
user_142,product_889,Purchase,2022-02-03,1
user_69,product_698,Click,2022-04-02,3
user_939,product_878,View,2024-04-26,1
user_1181,product_11,Purchase,2024-01-15,1
user_225,product_903,View,2024-07-03,1
user_746,product_1079,View,2022-10-13,1
user_1255,product_1112,Click,2022-01-30,1
user_1014,product_671,View,2024-12-21,1
user_1138,product_647,Purchase,2022-07-26,5
user_259,product_460,Purchase,2024-10-05,5
user_639,product_706,Purchase,2024-08-21,3
user_649,product_157,View,2024-11-22,1
user_1203,product_313,Click,2022-09-25,1
user_757,product_481,Purchase,2023-03-21,1
user_1492,product_639,Add-to-Cart,2024-07-19,1
user_584,product_614,Add-to-Cart,2022-05-15,1
user_903,product_1137,Add-to-Cart,2022-03-26,1
user_603,product_470,Click,2024-02-22,5
user_911,product_1151,Add-to-Cart,2022-04-26,1
user_174,product_774,Purchase,2023-08-08,3
user_581,product_1176,Purchase,2023-12-30,3
user_361,product_72,Purchase,2024-08-21,5
user_282,product_934,Add-to-Cart,2024-07-24,1
user_879,product_394,Purchase,2023-07-11,1
user_858,product_1481,Purchase,2022-10-23,3
user_754,product_468,View,2023-06-15,1
user_96,product_1294,View,2023-12-24,1
user_1358,product_1320,View,2022-05-23,1
user_144,product_1488,View,2023-03-08,1
user_121,product_474,Click,2022-10-14,1
user_981,product_156,Click,2023-10-13,3
user_123,product_852,Purchase,2022-08-03,5
user_599,product_354,View,2024-07-10,1
user_189,product_421,Add-to-Cart,2023-09-14,1
user_1069,product_1064,Add-to-Cart,2024-11-09,1
user_906,product_363,View,2024-12-19,1
user_560,product_287,Add-to-Cart,2023-12-03,1
user_413,product_677,Click,2024-02-04,5
user_1471,product_935,Click,2023-05-04,3
user_1350,product_347,View,2022-08-20,1
user_55,product_333,Add-to-Cart,2022-03-16,1
user_601,product_1185,Click,2024-12-27,3
user_1209,product_185,Add-to-Cart,2023-03-28,1
user_803,product_1100,Add-to-Cart,2022-11-06,1
user_748,product_195,Purchase,2023-01-15,1
user_1189,product_1385,Purchase,2024-09-20,1
user_929,product_184,Purchase,2022-04-25,3
user_51,product_321,Purchase,2023-11-24,1
user_23,product_929,View,2022-01-01,1
user_1138,product_763,Add-to-Cart,2024-01-30,1
user_460,product_1056,Add-to-Cart,2024-12-24,1
user_1347,product_196,View,2024-12-15,1
user_125,product_1016,Add-to-Cart,2022-06-18,1
user_985,product_1458,Add-to-Cart,2022-07-12,1
user_1194,product_1452,View,2023-05-01,1
user_1477,product_498,View,2022-08-03,1
user_1173,product_253,View,2022-08-16,1
user_1352,product_1458,View,2023-12-15,1
user_1007,product_1032,View,2022-08-04,1
user_681,product_1043,View,2022-04-04,1
user_366,product_786,Purchase,2024-06-23,5
user_723,product_149,View,2024-09-02,1
user_709,product_1406,Purchase,2023-01-06,1
user_1438,product_839,View,2023-01-17,1
user_744,product_1279,Click,2024-12-28,3
user_1203,product_1200,Add-to-Cart,2024-06-05,1
user_1110,product_207,View,2023-01-08,1
user_678,product_1254,View,2023-01-28,1
user_13,product_1158,Purchase,2023-06-15,5
user_1128,product_1376,View,2022-08-25,1
user_890,product_1214,Purchase,2023-09-04,1
user_820,product_432,Add-to-Cart,2022-01-10,1
user_1275,product_176,Purchase,2024-11-18,5
user_766,product_746,View,2024-05-11,1
user_114,product_136,Purchase,2022-04-30,3
user_1025,product_758,View,2024-05-19,1
user_633,product_452,Add-to-Cart,2022-03-04,1
user_941,product_1480,View,2024-11-09,1
user_916,product_1410,Add-to-Cart,2023-02-27,1
user_1100,product_958,Add-to-Cart,2022-01-25,1
user_45,product_1079,Click,2023-11-08,5
user_1220,product_151,Add-to-Cart,2022-11-09,1
user_1264,product_778,Click,2022-05-01,5
user_1102,product_454,View,2023-10-18,1
user_520,product_940,View,2024-01-07,1
user_1174,product_577,Purchase,2022-05-11,5
user_150,product_463,Purchase,2022-04-09,3
user_1321,product_754,Click,2024-08-05,1
user_484,product_1025,Click,2023-08-21,5
user_1259,product_1432,View,2022-06-08,1
user_760,product_61,View,2022-04-19,1
user_364,product_729,Add-to-Cart,2023-12-16,1
user_624,product_918,Click,2024-12-08,5
user_839,product_1442,View,2022-11-19,1
user_501,product_857,View,2024-11-30,1
user_288,product_341,Add-to-Cart,2024-07-05,1
user_466,product_1304,Add-to-Cart,2024-12-22,1
user_157,product_741,Add-to-Cart,2023-03-14,1
user_616,product_100,Add-to-Cart,2023-06-20,1
user_1037,product_630,Purchase,2024-06-04,3
user_577,product_917,Add-to-Cart,2024-02-07,1
user_1236,product_1033,View,2023-03-23,1
user_633,product_742,Click,2024-04-26,3
user_521,product_583,Add-to-Cart,2023-12-09,1
user_858,product_1363,Click,2023-06-05,1
user_240,product_1054,Add-to-Cart,2023-07-11,1
user_1471,product_444,Add-to-Cart,2023-01-28,1
user_1394,product_1430,Click,2023-09-20,5
user_243,product_74,View,2023-09-13,1
user_551,product_433,Add-to-Cart,2024-07-24,1
user_524,product_434,Purchase,2022-11-03,3
user_1382,product_245,Click,2022-08-19,3
user_869,product_1326,Click,2022-09-16,3
user_276,product_1220,View,2024-11-18,1
user_1436,product_113,Add-to-Cart,2023-11-08,1
user_189,product_823,View,2023-05-14,1
user_784,product_39,View,2022-06-03,1
user_554,product_38,View,2022-02-17,1
user_1217,product_1267,Purchase,2023-10-23,1
user_1051,product_481,View,2022-12-26,1
user_445,product_480,Purchase,2024-03-02,5
user_76,product_339,Add-to-Cart,2023-09-06,1
user_469,product_781,View,2022-02-20,1
user_870,product_1242,Click,2023-04-10,3
user_867,product_1199,View,2024-06-14,1
user_856,product_1179,View,2023-04-14,1
user_306,product_1489,View,2022-04-24,1
user_759,product_37,Click,2023-08-08,1
user_1343,product_214,Click,2023-04-22,3
user_1266,product_467,View,2024-08-10,1
user_19,product_1182,View,2023-06-24,1
user_905,product_1130,Purchase,2022-11-07,1
user_966,product_1055,View,2024-04-22,1
user_1474,product_664,View,2024-01-31,1
user_1400,product_945,Add-to-Cart,2023-12-16,1
user_937,product_1022,Add-to-Cart,2022-12-15,1
user_1156,product_1086,Click,2024-09-16,5
user_1482,product_251,Click,2023-07-12,5
user_1006,product_503,View,2024-10-21,1
user_229,product_1327,Click,2023-12-01,5
user_508,product_1102,View,2022-07-18,1
user_316,product_755,Purchase,2024-08-22,3
user_476,product_596,Add-to-Cart,2023-10-18,1
user_831,product_1117,Add-to-Cart,2023-03-17,1
user_1322,product_1173,Add-to-Cart,2023-08-01,1
user_500,product_730,Purchase,2022-05-20,3
user_950,product_712,Add-to-Cart,2024-03-18,1
user_166,product_854,Add-to-Cart,2024-03-17,1
user_1206,product_781,View,2023-11-28,1
user_537,product_1228,Add-to-Cart,2023-07-13,1
user_362,product_357,Click,2022-03-26,3
user_874,product_1312,Click,2023-04-23,5
user_388,product_66,Purchase,2022-10-08,1
user_136,product_652,Purchase,2024-12-06,5
user_895,product_792,Purchase,2024-03-21,3
user_114,product_1374,Add-to-Cart,2024-11-05,1
user_1181,product_622,View,2022-12-30,1
user_133,product_567,Add-to-Cart,2022-01-21,1
user_156,product_593,Purchase,2022-10-15,1
user_408,product_205,Purchase,2022-12-17,1
user_1292,product_1479,Purchase,2024-04-14,5
user_1299,product_1452,Add-to-Cart,2024-11-15,1
user_1102,product_1281,Add-to-Cart,2024-09-02,1
user_635,product_810,View,2023-06-12,1
user_11,product_142,Add-to-Cart,2023-11-26,1
user_249,product_1365,Purchase,2024-02-16,1
user_506,product_926,View,2024-04-09,1
user_822,product_1441,View,2023-03-30,1
user_602,product_702,Purchase,2022-01-17,1
user_784,product_549,Add-to-Cart,2023-03-28,1
user_446,product_474,View,2024-07-08,1
user_659,product_745,View,2023-08-18,1
user_1306,product_901,Purchase,2023-07-25,1
user_415,product_575,View,2024-08-29,1
user_139,product_1198,View,2023-09-16,1
user_842,product_43,Click,2024-03-01,5
user_880,product_1489,Add-to-Cart,2024-06-12,1
user_1050,product_852,View,2022-10-16,1
user_1096,product_1439,View,2024-05-10,1
user_1170,product_24,View,2022-04-23,1
user_1443,product_141,Add-to-Cart,2022-08-05,1
user_1040,product_329,Add-to-Cart,2023-07-16,1
user_621,product_1167,Click,2023-06-30,1
user_181,product_140,Add-to-Cart,2023-11-01,1
user_1175,product_648,Add-to-Cart,2023-11-19,1
user_395,product_484,Add-to-Cart,2022-01-27,1
user_148,product_1351,View,2023-01-03,1
user_372,product_1066,View,2024-01-26,1
user_1230,product_856,Add-to-Cart,2024-11-10,1
user_1134,product_868,View,2023-04-06,1
user_1464,product_1306,View,2022-12-23,1
user_1180,product_401,Add-to-Cart,2022-02-07,1
user_1206,product_129,Add-to-Cart,2022-01-04,1
user_1230,product_660,View,2022-07-13,1
user_1009,product_1335,View,2022-02-20,1
user_176,product_776,Click,2022-04-16,1
user_347,product_572,Purchase,2023-10-23,3
user_1160,product_1407,View,2023-06-26,1
user_1153,product_114,View,2022-08-24,1
user_1257,product_1246,Purchase,2023-03-31,1
user_1051,product_164,Purchase,2024-06-13,5
user_790,product_1181,Add-to-Cart,2023-02-23,1
user_484,product_36,Add-to-Cart,2022-05-28,1
user_1426,product_889,Click,2024-03-17,5
user_610,product_373,Click,2022-06-10,3
user_127,product_394,Add-to-Cart,2023-04-18,1
user_1393,product_132,Purchase,2022-05-28,1
user_1401,product_511,View,2024-03-11,1
user_180,product_872,Click,2023-06-15,1
user_1173,product_940,Add-to-Cart,2023-02-12,1
user_468,product_500,Purchase,2023-02-15,1
user_1010,product_1139,View,2022-04-11,1
user_734,product_629,Click,2022-07-07,1
user_826,product_547,Click,2024-11-17,3
user_491,product_545,View,2023-05-18,1
user_205,product_1035,Purchase,2022-05-21,5
user_224,product_364,Purchase,2024-08-05,3
user_1419,product_461,Purchase,2022-02-15,1
user_806,product_219,Add-to-Cart,2024-06-17,1
user_11,product_163,Click,2024-11-23,1
user_1113,product_831,Purchase,2022-10-14,1
user_874,product_1188,Click,2024-07-16,1
user_190,product_24,Click,2022-04-27,3
user_1163,product_1006,View,2022-07-31,1
user_333,product_1292,View,2023-05-17,1
user_1477,product_772,View,2023-07-14,1
user_1411,product_462,Click,2022-03-29,3
user_428,product_84,View,2022-12-24,1
user_456,product_1474,Add-to-Cart,2023-05-05,1
user_1183,product_1333,Purchase,2024-02-29,1
user_1498,product_1254,View,2022-04-05,1
user_1167,product_1172,Purchase,2023-02-23,1
user_1433,product_253,Add-to-Cart,2023-07-14,1
user_389,product_185,Add-to-Cart,2023-11-10,1
user_1367,product_1147,View,2024-11-11,1
user_1050,product_902,View,2022-07-09,1
user_147,product_1201,Purchase,2024-09-29,3
user_66,product_1070,Add-to-Cart,2023-06-22,1
user_1352,product_1397,View,2024-08-03,1
user_1203,product_799,View,2024-09-03,1
user_232,product_1039,Click,2022-12-24,3
user_538,product_382,Add-to-Cart,2023-03-08,1
user_1379,product_1239,Add-to-Cart,2022-02-10,1
user_27,product_1329,Click,2024-11-07,1
user_1283,product_406,Purchase,2022-07-22,3
user_611,product_386,View,2022-02-05,1
user_1269,product_1166,View,2022-12-07,1
user_738,product_517,View,2022-09-06,1
user_508,product_405,Purchase,2024-02-10,3
user_654,product_247,View,2024-10-29,1
user_657,product_1093,Purchase,2024-08-10,3
user_1034,product_3,View,2022-03-29,1
user_1255,product_1283,Click,2022-11-12,3
user_730,product_1076,Purchase,2022-12-14,3
user_234,product_89,View,2024-10-15,1
user_232,product_1442,Click,2023-02-10,5
user_1105,product_1309,View,2022-10-03,1
user_161,product_448,View,2023-05-04,1
user_1151,product_1382,Purchase,2022-07-22,5
user_1116,product_906,Add-to-Cart,2024-08-25,1
user_490,product_893,Click,2023-12-01,1
user_652,product_676,Add-to-Cart,2022-04-27,1
user_217,product_614,Click,2022-01-04,5
user_1083,product_1334,Purchase,2024-04-26,3
user_544,product_257,Click,2023-01-02,3
user_993,product_588,Purchase,2023-04-03,1
user_1104,product_686,View,2022-10-22,1
user_458,product_892,View,2024-06-27,1
user_74,product_671,Purchase,2023-03-03,1
user_19,product_68,Click,2023-03-26,1
user_326,product_177,Click,2023-09-23,3
user_372,product_1462,Add-to-Cart,2022-11-10,1
user_390,product_1352,View,2023-02-03,1
user_796,product_1004,Click,2022-05-09,3
user_907,product_751,View,2023-12-05,1
user_1048,product_494,View,2024-05-28,1
user_827,product_328,Purchase,2023-12-07,3
user_1277,product_1143,Add-to-Cart,2022-02-07,1
user_1359,product_138,View,2022-11-18,1
user_334,product_599,Click,2022-10-13,5
user_357,product_1158,Purchase,2024-11-26,3
user_1062,product_684,View,2022-05-15,1
user_1131,product_211,View,2023-07-07,1
user_1281,product_793,Purchase,2023-07-21,3
user_344,product_295,Add-to-Cart,2024-01-17,1
user_211,product_66,View,2024-01-28,1
user_427,product_133,View,2022-04-03,1
user_666,product_1184,Purchase,2024-07-18,3
user_223,product_359,Click,2024-07-15,3
user_20,product_1049,Click,2024-10-14,5
user_269,product_1479,Add-to-Cart,2023-06-13,1
user_750,product_1086,Purchase,2024-10-14,1
user_1205,product_95,View,2024-08-05,1
user_885,product_391,View,2024-06-23,1
user_1212,product_1142,View,2023-04-28,1
user_1179,product_219,Click,2022-06-16,5
user_52,product_1047,Purchase,2022-12-06,5
user_63,product_1468,Click,2024-05-09,5
user_607,product_1118,Click,2024-07-30,3
user_456,product_1200,Click,2022-05-15,3
user_1490,product_591,Click,2023-10-15,1
user_857,product_1090,Add-to-Cart,2022-05-01,1
user_866,product_277,Purchase,2022-07-13,3
user_966,product_221,Add-to-Cart,2024-03-19,1
user_691,product_1441,Purchase,2023-01-17,1
user_66,product_292,Purchase,2022-06-17,3
user_1373,product_952,Click,2023-06-07,3
user_1276,product_226,Purchase,2022-10-28,5
user_1039,product_313,Purchase,2024-09-19,5
user_895,product_1404,View,2022-03-12,1
user_1290,product_245,View,2022-11-22,1
user_825,product_1460,Purchase,2023-01-30,1
user_334,product_1323,Purchase,2023-12-04,1
user_649,product_366,Add-to-Cart,2024-10-16,1
user_1433,product_279,Add-to-Cart,2024-04-17,1
user_397,product_643,View,2024-02-26,1
user_655,product_600,View,2022-04-09,1
user_1183,product_1356,Click,2023-06-17,1
user_282,product_308,View,2024-10-29,1
user_1357,product_1309,View,2023-05-27,1
user_195,product_115,View,2023-09-09,1
user_1072,product_1363,Add-to-Cart,2024-06-27,1
user_308,product_324,View,2023-07-23,1
user_1148,product_992,Purchase,2022-06-26,3
user_205,product_1257,Add-to-Cart,2024-06-15,1
user_767,product_278,View,2024-01-07,1
user_817,product_1174,View,2023-01-01,1
user_851,product_269,View,2024-03-18,1
user_546,product_53,Add-to-Cart,2023-09-06,1
user_220,product_1254,View,2023-06-27,1
user_512,product_873,Purchase,2022-11-29,1
user_1241,product_269,Click,2024-07-04,1
user_305,product_838,View,2023-07-22,1
user_701,product_684,View,2023-05-11,1
user_702,product_582,View,2022-04-22,1
user_975,product_252,Click,2024-01-02,3
user_699,product_914,View,2023-06-15,1
user_503,product_806,Add-to-Cart,2022-11-24,1
user_617,product_508,Click,2024-08-23,3
user_53,product_275,Add-to-Cart,2024-03-23,1
user_47,product_64,Purchase,2023-05-08,1
user_83,product_451,View,2024-08-14,1
user_133,product_490,Click,2022-06-05,3
user_1082,product_7,Add-to-Cart,2022-11-14,1
user_194,product_1496,Add-to-Cart,2022-01-24,1
user_1187,product_981,Purchase,2022-07-13,5
user_499,product_670,Click,2022-07-18,1
user_1223,product_761,Purchase,2022-03-12,1
user_152,product_441,Purchase,2022-02-01,3
user_320,product_430,Purchase,2024-04-21,5
user_430,product_553,Purchase,2022-07-13,3
user_312,product_972,View,2023-06-23,1
user_487,product_712,Add-to-Cart,2022-02-21,1
user_78,product_417,Add-to-Cart,2022-02-06,1
user_927,product_901,Purchase,2023-11-30,3
user_902,product_941,View,2023-03-18,1
user_700,product_299,Add-to-Cart,2024-06-02,1
user_925,product_1347,Click,2023-10-29,5
user_492,product_1208,Add-to-Cart,2022-09-21,1
user_578,product_1432,Click,2023-01-14,5
user_1458,product_1219,View,2022-06-19,1
user_957,product_122,Click,2024-06-28,1
user_569,product_1025,View,2023-11-10,1
user_292,product_467,Purchase,2024-12-22,1
user_271,product_1312,View,2024-03-09,1
user_1043,product_40,View,2024-03-16,1
user_1207,product_933,Add-to-Cart,2023-12-03,1
user_1469,product_396,Purchase,2022-02-11,3
user_429,product_176,Click,2024-08-29,5
user_629,product_602,Click,2024-01-27,3
user_479,product_11,View,2023-09-14,1
user_902,product_601,Add-to-Cart,2023-03-02,1
user_835,product_151,View,2022-12-11,1
user_469,product_352,Purchase,2022-01-26,5
user_518,product_959,Add-to-Cart,2023-04-09,1
user_759,product_537,View,2024-05-17,1
user_1394,product_1279,Add-to-Cart,2022-06-16,1
user_506,product_1288,Click,2022-11-25,5
user_615,product_1115,Purchase,2024-04-15,5
user_774,product_1447,View,2024-01-09,1
user_566,product_540,Purchase,2023-01-29,3
user_718,product_279,Add-to-Cart,2022-09-12,1
user_457,product_470,View,2022-05-11,1
user_1191,product_295,View,2022-12-17,1
user_1214,product_393,Add-to-Cart,2022-12-25,1
user_937,product_778,Click,2022-08-28,1
user_722,product_166,Purchase,2024-05-31,3
user_429,product_1185,Click,2024-06-11,5
user_602,product_386,View,2023-12-16,1
user_1386,product_871,Add-to-Cart,2024-10-07,1
user_1152,product_482,Add-to-Cart,2022-07-02,1
user_1165,product_901,Add-to-Cart,2023-07-29,1
user_1056,product_988,Click,2023-10-20,1
user_567,product_911,Add-to-Cart,2023-10-02,1
user_1409,product_637,Purchase,2023-03-23,3
user_491,product_50,Add-to-Cart,2024-05-24,1
user_1054,product_825,Add-to-Cart,2024-09-17,1
user_35,product_637,Click,2024-04-21,1
user_277,product_611,View,2023-04-28,1
user_1028,product_493,Click,2023-05-20,3
user_642,product_1258,Add-to-Cart,2023-12-11,1
user_689,product_1421,Click,2024-11-08,5
user_1255,product_80,View,2023-08-19,1
user_812,product_670,Purchase,2024-06-22,5
user_642,product_1476,Add-to-Cart,2022-09-05,1
user_358,product_1389,View,2024-03-06,1
user_609,product_1366,Purchase,2024-10-17,5
user_1320,product_61,Click,2024-05-20,1
user_1416,product_847,Purchase,2023-12-21,1
user_514,product_722,Purchase,2022-08-09,1
user_496,product_961,Add-to-Cart,2022-11-07,1
user_1437,product_854,View,2024-03-11,1
user_1417,product_163,View,2022-04-27,1
user_476,product_878,Add-to-Cart,2024-09-01,1
user_469,product_130,Click,2022-11-24,3
user_181,product_840,Add-to-Cart,2023-04-25,1
user_300,product_428,Add-to-Cart,2022-05-28,1
user_371,product_1328,View,2022-05-15,1
user_224,product_275,Click,2022-05-31,5
user_780,product_271,Add-to-Cart,2023-10-19,1
user_543,product_539,Purchase,2024-04-28,1
user_553,product_390,Purchase,2024-06-15,5
user_303,product_1006,Purchase,2024-08-21,5
user_1002,product_1035,View,2023-04-07,1
user_464,product_185,View,2023-08-03,1
user_594,product_397,View,2024-09-02,1
user_3,product_67,Purchase,2023-08-12,1
user_829,product_436,View,2022-07-08,1
user_1209,product_1243,Purchase,2023-03-22,3
user_1119,product_689,Add-to-Cart,2024-02-29,1
user_574,product_227,View,2022-02-04,1
user_447,product_897,Add-to-Cart,2022-04-22,1
user_507,product_1167,Purchase,2023-12-15,1
user_70,product_0,Add-to-Cart,2022-05-13,1
user_683,product_837,Purchase,2022-06-05,5
user_942,product_1241,Click,2024-04-06,1
user_335,product_540,Add-to-Cart,2023-05-09,1
user_945,product_890,Add-to-Cart,2024-08-07,1
user_1183,product_1083,Click,2023-04-08,3
user_987,product_735,Add-to-Cart,2022-05-30,1
user_215,product_839,Add-to-Cart,2024-07-25,1
user_779,product_393,Click,2023-10-05,1
user_223,product_290,View,2024-02-01,1
user_1346,product_936,Purchase,2023-12-04,1
user_1495,product_987,View,2022-01-30,1
user_247,product_772,Add-to-Cart,2023-12-14,1
user_643,product_1061,View,2024-05-06,1
user_1332,product_134,Click,2022-06-26,1
user_908,product_1391,Add-to-Cart,2022-12-01,1
user_692,product_437,Add-to-Cart,2023-06-15,1
user_651,product_1468,Add-to-Cart,2023-06-16,1
user_834,product_1211,View,2023-11-24,1
user_294,product_731,Purchase,2023-09-28,1
user_468,product_294,Add-to-Cart,2023-09-07,1
user_1365,product_754,View,2024-07-23,1
user_664,product_869,Click,2022-06-12,5
user_224,product_491,Add-to-Cart,2024-09-20,1
user_1176,product_1222,Purchase,2023-07-24,3
user_71,product_50,Click,2024-03-16,3
user_1473,product_859,Add-to-Cart,2022-10-07,1
user_257,product_374,Add-to-Cart,2022-12-21,1
user_52,product_959,Add-to-Cart,2022-02-28,1
user_476,product_418,Click,2022-09-04,5
user_1464,product_230,Add-to-Cart,2024-10-04,1
user_251,product_317,Add-to-Cart,2022-08-23,1
user_558,product_256,Click,2024-09-15,5
user_1318,product_191,View,2023-05-21,1
user_10,product_116,Click,2023-02-07,3
user_1297,product_232,View,2022-10-17,1
user_757,product_1410,Click,2022-12-25,5
user_357,product_84,Purchase,2024-07-02,1
user_1329,product_420,Add-to-Cart,2022-05-25,1
user_229,product_858,Purchase,2022-09-06,3
user_18,product_1322,Click,2023-01-08,5
user_1099,product_348,View,2023-07-29,1
user_301,product_1414,View,2023-03-13,1
user_726,product_1180,Click,2023-12-28,5
user_527,product_168,Purchase,2024-01-05,3
user_152,product_1484,Click,2024-05-11,3
user_387,product_372,Purchase,2023-08-12,5
user_867,product_1342,Purchase,2024-05-03,1
user_199,product_90,Purchase,2022-09-22,5
user_761,product_728,Purchase,2024-08-05,3
user_1028,product_1443,Purchase,2023-01-11,1
user_205,product_1435,Purchase,2022-05-11,1
user_1267,product_113,Add-to-Cart,2024-12-21,1
user_449,product_1369,Purchase,2024-02-03,1
user_350,product_322,Purchase,2024-06-18,1
user_234,product_968,View,2024-03-27,1
user_1392,product_1487,Click,2022-07-04,3
user_113,product_878,Purchase,2022-10-13,3
user_1354,product_598,Add-to-Cart,2022-04-26,1
user_1103,product_1462,Purchase,2022-02-22,5
user_1399,product_1283,View,2024-09-13,1
user_693,product_526,Click,2023-06-09,1
user_350,product_611,Click,2023-04-01,3
user_1125,product_525,Add-to-Cart,2022-11-16,1
user_41,product_124,Add-to-Cart,2022-07-10,1
user_479,product_1355,Click,2022-06-28,5
user_970,product_40,Purchase,2023-08-16,5
user_903,product_449,Add-to-Cart,2024-11-07,1
user_1337,product_1222,View,2024-10-24,1
user_348,product_1291,Purchase,2024-11-06,1
